x,y
0.00588523,0.48153
0.369351,0.686006
0.0642171,0.674932
0.548522,0.114256
0.326858,0.399912
0.680137,0.12096
0.282193,0.53815
0.111777,0.713423
0.0982145,0.67838
0.159098,0.201218
0.453507,0.0527608
0.848058,0.701668
0.831703,0.239596
0.840005,0.577269
0.99461,0.22611
0.853705,0.576023
0.639112,0.74877
0.251365,0.272751
0.0178591,0.214718
0.0286961,0.436887
0.024284,0.501858
0.140477,0.259028
0.0179424,0.813285
0.343229,0.98646
0.399022,0.985475
0.135893,0.902262
0.939875,0.918855
0.970267,0.765764
0.754052,0.931865
0.526464,0.845767
0.936537,0.279945
0.159259,0.0839539
0.213852,0.651955
0.0534795,0.133804
